file,function,search,min,mean,max
kroa,random_cycle,Evolutionary,357.4657256603241,357.4657256603241,357.4657256603241
krob,random_cycle,Evolutionary,359.0243647098541,359.0243647098541,359.0243647098541
