file,function,search,min,mean,max
kroa,random_cycle,Natura_local_search,357.7865915298462,357.7865915298462,357.7865915298462
krob,random_cycle,Natura_local_search,359.21862053871155,359.21862053871155,359.21862053871155
