file,function,search,min,mean,max
kroa,random_cycle,Evolutionary,357.4228138923645,357.618746304512,357.8313708305359
kroa,random_cycle,Evolutionary_local_search,357.5036630630493,358.29040172100065,359.3977391719818
