file,function,search,min,mean,max
kroa,random_cycle,Evolutionary,357.4228138923645,357.618746304512,357.8313708305359
